{
    "prepare_queue": {
        "installed": [],
        "uninstalled": []
    },
    "config_munge": {
        "files": {
            "res/xml/config.xml": {
                "parents": {
                    "/*": [
                        {
                            "xml": "<feature name=\"Device\"><param name=\"android-package\" value=\"org.apache.cordova.device.Device\" /></feature>",
                            "count": 1
                        },
                        {
                            "xml": "<feature name=\"Geolocation\"><param name=\"android-package\" value=\"org.apache.cordova.geolocation.Geolocation\" /></feature>",
                            "count": 1
                        },
                        {
                            "xml": "<feature name=\"SplashScreen\"><param name=\"android-package\" value=\"org.apache.cordova.splashscreen.SplashScreen\" /><param name=\"onload\" value=\"true\" /></feature>",
                            "count": 1
                        },
                        {
                            "xml": "<feature name=\"StatusBar\"><param name=\"android-package\" value=\"org.apache.cordova.statusbar.StatusBar\" /><param name=\"onload\" value=\"true\" /></feature>",
                            "count": 1
                        },
                        {
                            "xml": "<feature name=\"Whitelist\"><param name=\"android-package\" value=\"org.apache.cordova.whitelist.WhitelistPlugin\" /><param name=\"onload\" value=\"true\" /></feature>",
                            "count": 1
                        },
                        {
                            "xml": "<feature name=\"Keyboard\"><param name=\"android-package\" value=\"io.ionic.keyboard.IonicKeyboard\" /><param name=\"onload\" value=\"true\" /></feature>",
                            "count": 1
                        },
                        {
                            "xml": "<feature name=\"GoogleMaps\"><param name=\"android-package\" value=\"plugin.google.maps.GoogleMaps\" /></feature>",
                            "count": 1
                        },
                        {
                            "xml": "<feature name=\"External\"><param name=\"android-package\" value=\"plugin.google.maps.External\" /></feature>",
                            "count": 1
                        },
                        {
                            "xml": "<feature name=\"Geocoder\"><param name=\"android-package\" value=\"plugin.google.maps.MyGeocoder\" /></feature>",
                            "count": 1
                        },
                        {
                            "xml": "<feature name=\"BackgroundMode\"><param name=\"android-package\" value=\"de.appplant.cordova.plugin.background.BackgroundMode\" /></feature>",
                            "count": 1
                        },
                        {
                            "xml": "<preference name=\"KeepRunning\" value=\"true\" />",
                            "count": 1
                        }
                    ]
                }
            },
            "AndroidManifest.xml": {
                "parents": {
                    "/*": [
                        {
                            "xml": "<uses-permission android:name=\"android.permission.ACCESS_COARSE_LOCATION\" />",
                            "count": 1
                        },
                        {
                            "xml": "<uses-permission android:name=\"android.permission.ACCESS_FINE_LOCATION\" />",
                            "count": 1
                        }
                    ],
                    "/manifest/application": [
                        {
                            "xml": "<meta-data android:name=\"com.google.android.maps.v2.API_KEY\" android:value=\"AIzaSyAwgEMv6EZ7ACNd3lABTGSUEeDiKauJaec\" />",
                            "count": 1
                        },
                        {
                            "xml": "<meta-data android:name=\"com.google.android.gms.version\" android:value=\"@integer/google_play_services_version\" />",
                            "count": 1
                        },
                        {
                            "xml": "<service android:name=\"de.appplant.cordova.plugin.background.ForegroundService\" />",
                            "count": 1
                        }
                    ],
                    "/manifest": [
                        {
                            "xml": "<uses-permission android:name=\"android.permission.INTERNET\" />",
                            "count": 1
                        },
                        {
                            "xml": "<uses-permission android:name=\"android.permission.ACCESS_NETWORK_STATE\" />",
                            "count": 1
                        },
                        {
                            "xml": "<uses-permission android:name=\"com.google.android.providers.gsf.permission.READ_GSERVICES\" />",
                            "count": 1
                        },
                        {
                            "xml": "<uses-permission android:name=\"android.permission.ACCESS_COARSE_LOCATION\" />",
                            "count": 1
                        },
                        {
                            "xml": "<uses-permission android:name=\"android.permission.ACCESS_FINE_LOCATION\" />",
                            "count": 1
                        },
                        {
                            "xml": "<uses-feature android:glEsVersion=\"0x00020000\" android:required=\"true\" />",
                            "count": 1
                        }
                    ]
                }
            }
        }
    },
    "installed_plugins": {
        "cordova-plugin-console": {
            "PACKAGE_NAME": "com.ionicframework.pokemonlocator143980"
        },
        "cordova-plugin-device": {
            "PACKAGE_NAME": "com.ionicframework.pokemonlocator143980"
        },
        "cordova-plugin-compat": {
            "PACKAGE_NAME": "com.ionicframework.pokemonlocator143980"
        },
        "cordova-plugin-geolocation": {
            "PACKAGE_NAME": "com.ionicframework.pokemonlocator143980"
        },
        "cordova-plugin-splashscreen": {
            "PACKAGE_NAME": "com.ionicframework.pokemonlocator143980"
        },
        "cordova-plugin-statusbar": {
            "PACKAGE_NAME": "com.ionicframework.pokemonlocator143980"
        },
        "cordova-plugin-whitelist": {
            "PACKAGE_NAME": "com.ionicframework.pokemonlocator143980"
        },
        "ionic-plugin-keyboard": {
            "PACKAGE_NAME": "com.ionicframework.pokemonlocator143980"
        },
        "plugin.google.maps": {
            "API_KEY_FOR_ANDROID": "AIzaSyAwgEMv6EZ7ACNd3lABTGSUEeDiKauJaec",
            "PACKAGE_NAME": "com.ionicframework.pokemonlocator143980"
        },
        "cordova-plugin-background-mode": {
            "PACKAGE_NAME": "com.ionicframework.pokemonlocator143980"
        }
    },
    "dependent_plugins": {},
    "modules": [
        {
            "id": "cordova-plugin-device.device",
            "file": "plugins/cordova-plugin-device/www/device.js",
            "pluginId": "cordova-plugin-device",
            "clobbers": [
                "device"
            ]
        },
        {
            "id": "cordova-plugin-geolocation.geolocation",
            "file": "plugins/cordova-plugin-geolocation/www/android/geolocation.js",
            "pluginId": "cordova-plugin-geolocation",
            "clobbers": [
                "navigator.geolocation"
            ]
        },
        {
            "id": "cordova-plugin-geolocation.PositionError",
            "file": "plugins/cordova-plugin-geolocation/www/PositionError.js",
            "pluginId": "cordova-plugin-geolocation",
            "runs": true
        },
        {
            "id": "cordova-plugin-splashscreen.SplashScreen",
            "file": "plugins/cordova-plugin-splashscreen/www/splashscreen.js",
            "pluginId": "cordova-plugin-splashscreen",
            "clobbers": [
                "navigator.splashscreen"
            ]
        },
        {
            "id": "cordova-plugin-statusbar.statusbar",
            "file": "plugins/cordova-plugin-statusbar/www/statusbar.js",
            "pluginId": "cordova-plugin-statusbar",
            "clobbers": [
                "window.StatusBar"
            ]
        },
        {
            "id": "ionic-plugin-keyboard.keyboard",
            "file": "plugins/ionic-plugin-keyboard/www/android/keyboard.js",
            "pluginId": "ionic-plugin-keyboard",
            "clobbers": [
                "cordova.plugins.Keyboard"
            ],
            "runs": true
        },
        {
            "id": "plugin.google.maps.phonegap-googlemaps-plugin",
            "file": "plugins/plugin.google.maps/www/googlemaps-cdv-plugin.js",
            "pluginId": "plugin.google.maps",
            "clobbers": [
                "plugin.google.maps"
            ]
        },
        {
            "id": "cordova-plugin-background-mode.BackgroundMode",
            "file": "plugins/cordova-plugin-background-mode/www/background-mode.js",
            "pluginId": "cordova-plugin-background-mode",
            "clobbers": [
                "cordova.plugins.backgroundMode",
                "plugin.backgroundMode"
            ]
        }
    ],
    "plugin_metadata": {
        "cordova-plugin-console": "1.0.3",
        "cordova-plugin-device": "1.1.2",
        "cordova-plugin-compat": "1.0.0",
        "cordova-plugin-geolocation": "2.2.0",
        "cordova-plugin-splashscreen": "3.2.2",
        "cordova-plugin-statusbar": "2.1.3",
        "cordova-plugin-whitelist": "1.2.2",
        "ionic-plugin-keyboard": "2.2.1",
        "plugin.google.maps": "1.3.9",
        "cordova-plugin-background-mode": "0.6.5"
    }
}